MDVP:Fo(Hz),MDVP:Fhi(Hz),MDVP:Flo(Hz),MDVP:Jitter(%),MDVP:Jitter(Abs),MDVP:RAP,MDVP:PPQ,Jitter:DDP,MDVP:Shimmer,MDVP:Shimmer(dB),Shimmer:APQ3,Shimmer:APQ5,MDVP:APQ,Shimmer:DDA,NHR,HNR,RPDE,DFA,spread1,spread2,D2,PPE
120.0,155.0,75.0,0.007,0.00007,0.0037,0.005,0.011,0.044,0.429,0.02,0.028,0.021,0.079,0.022,21.0,0.414,0.711,-4.0,0.3,4.0,0.2
120.000,150.000,75.000,0.00850,0.00008,0.00385,0.00560,0.01150,0.04450,0.03400,0.01450,0.02150,0.02250,0.01980,0.02350,21.500,0.415000,0.81850,0.285000,1.65500,2.305,0.285000