{
  "age": 0.015690845127036716,
  "bp": 0.013679057689130658,
  "sg": 0.1340966566040549,
  "al": 0.08419763290299903,
  "su": 0.006506164064084178,
  "rbc": 0.0033052866429685752,
  "pc": 0.00701974583921841,
  "pcc": 0.0008630806132117368,
  "ba": 0.0010528312988724354,
  "bgr": 0.032015938959723766,
  "bu": 0.02787399792002052,
  "sc": 0.18358760402135443,
  "sod": 0.025951413119047573,
  "pot": 0.020379642554326605,
  "hemo": 0.10760765909633799,
  "pcv": 0.1468173995389159,
  "wc": 0.02893301288796663,
  "rc": 0.03954999360809611,
  "htn": 0.032895720968312135,
  "dm": 0.07048346992551824,
  "cad": 0.0,
  "appet": 0.01117112969277549,
  "pe": 0.005668154430139562,
  "ane": 0.0006535624958883226
}