{
  "Age": 0.10924336979083024,
  "Gender": 0.015719663888552223,
  "Total_Bilirubin": 0.1390834396833281,
  "Direct_Bilirubin": 0.11839596740494875,
  "Alkaline_Phosphotase": 0.14403392512457955,
  "Alamine_Aminotransferase": 0.10321821427485833,
  "Aspartate_Aminotransferase": 0.12486761951286096,
  "Total_Protiens": 0.0803932841578853,
  "Albumin": 0.08598537440641076,
  "Albumin_and_Globulin_Ratio": 0.0790591417557458
}