{
  "Kidney Disease": {
    "accuracy": 1.0,
    "precision": 1.0,
    "recall": 1.0,
    "f1_score": 1.0
  },
  "Liver Disease": {
    "accuracy": 0.7264957264957265,
    "precision": 0.7956989247311828,
    "recall": 0.8505747126436781,
    "f1_score": 0.8222222222222222
  },
  "Parkinson's Disease": {
    "accuracy": 0.9487179487179487,
    "precision": 0.9411764705882353,
    "recall": 1.0,
    "f1_score": 0.9696969696969697
  }
}